Year,Country / territory of asylum/residence,Origin,Refugees (incl. refugee-like situations),Asylum-seekers (pending cases),Returned refugees,Others of concern,Total Population
2005,Austria,Afghanistan,2991,,25,,3016
, ,Eritrea,21,,,,21
, ,Gambia,12,,,,12
, ,Iran (Islamic Rep. of),1589,,,,1589
, ,Iraq,1224,,,,1224
, ,Russian Federation,6438,,,,6438
, ,Serbia and Kosovo (S/RES/1244 (1999)),5091,,257,,5348
, ,Somalia,146,,,,146
, ,Syrian Arab Rep.,122,,,,122
,Belgium,Afghanistan,381,106,11,,498
, ,Eritrea,1,28,,,29
, ,Gambia,,5,,,5
, ,Iran (Islamic Rep. of),327,882,,,1209
, ,Iraq,231,1038,,,1269
, ,Mali,,9,,,9
, ,Russian Federation,3899,1614,,,5513
, ,Serbia and Kosovo (S/RES/1244 (1999)),1889,689,144,,2722
, ,Somalia,108,99,,,207
, ,Syrian Arab Rep.,115,409,,,524
,Denmark,Afghanistan,6381,80,65,,6526
, ,Eritrea,56,8,,,64
, ,Iran (Islamic Rep. of),1755,42,,,1797
, ,Iraq,10667,61,,,10728
, ,Russian Federation,466,19,,,485
, ,Serbia and Kosovo (S/RES/1244 (1999)),4771,53,51,,4875
, ,Somalia,6648,26,,,6674
, ,Syrian Arab Rep.,188,12,,,200
,Finland,Afghanistan,1604,,1,,1605
, ,Eritrea,50,,,,50
, ,Iran (Islamic Rep. of),1683,,,,1683
, ,Iraq,1648,,,,1648
, ,Russian Federation,232,,,,232
, ,Serbia and Kosovo (S/RES/1244 (1999)),1296,,116,,1412
, ,Somalia,1008,,,,1008
, ,Syrian Arab Rep.,39,,,,39
,France,Afghanistan,1228,,7,,1235
, ,Eritrea,63,,,,63
, ,Gambia,44,,,,44
, ,Iran (Islamic Rep. of),1634,,,,1634
, ,Iraq,1319,,,,1319
, ,Mali,129,,,,129
, ,Russian Federation,5292,,,,5292
, ,Serbia and Kosovo (S/RES/1244 (1999)),6988,,71,,7059
, ,Somalia,587,,,,587
, ,Syrian Arab Rep.,213,,,,213
,Germany,Afghanistan,31055,5081,197,,36333
, ,Eritrea,2746,1135,,,3881
, ,Gambia,1041,113,,,1154
, ,Iran (Islamic Rep. of),24016,4883,,,28899
, ,Iraq,52922,5690,,,58612
, ,Mali,134,27,,,161
, ,Russian Federation,41732,4900,,,46632
, ,Serbia and Kosovo (S/RES/1244 (1999)),99789,11968,2480,,114237
, ,Somalia,2903,284,,,3187
, ,Syrian Arab Rep.,10469,2888,,,13357
,Hungary,Afghanistan,2376,9,,,2385
, ,Eritrea,3,,,,3
, ,Gambia,,1,,,1
, ,Iran (Islamic Rep. of),153,6,,,159
, ,Iraq,1252,3,,,1255
, ,Russian Federation,129,10,,,139
, ,Serbia and Kosovo (S/RES/1244 (1999)),2388,56,143,,2587
, ,Somalia,155,1,,,156
, ,Syrian Arab Rep.,44,5,,,49
,Ireland,Afghanistan,77,,,,77
, ,Eritrea,48,,,,48
, ,Gambia,5,,,,5
, ,Iran (Islamic Rep. of),162,,,,162
, ,Iraq,257,,,,257
, ,Russian Federation,287,,,,287
, ,Serbia and Kosovo (S/RES/1244 (1999)),368,,1,,369
, ,Somalia,309,,,,309
, ,Syrian Arab Rep.,27,,,,27
,Netherlands,Afghanistan,25086,1478,206,,26770
, ,Eritrea,494,179,,,673
, ,Gambia,7,7,,,14
, ,Iran (Islamic Rep. of),5573,688,,,6261
, ,Iraq,26618,1818,,,28436
, ,Mali,9,6,,,15
, ,Russian Federation,1466,350,,,1816
, ,Serbia and Kosovo (S/RES/1244 (1999)),3236,506,133,,3875
, ,Somalia,10715,674,,,11389
, ,Syrian Arab Rep.,1674,336,,,2010
,Poland,Afghanistan,87,,,,87
, ,Eritrea,1,,,,1
, ,Iran (Islamic Rep. of),9,,,,9
, ,Iraq,47,,,,47
, ,Russian Federation,3785,1503,,,5288
, ,Serbia and Kosovo (S/RES/1244 (1999)),16,,1,,17
, ,Somalia,157,,,,157
, ,Syrian Arab Rep.,6,7,,,13
,Portugal,Afghanistan,5,,,,5
, ,Gambia,1,,,,1
, ,Iran (Islamic Rep. of),1,,,,1
, ,Iraq,4,,,,4
, ,Russian Federation,1,,,,1
, ,Serbia and Kosovo (S/RES/1244 (1999)),1,,,,1
,Spain,Afghanistan,87,,,,87
, ,Eritrea,5,,,,5
, ,Gambia,12,,,,12
, ,Iran (Islamic Rep. of),99,,,,99
, ,Iraq,242,,,,242
, ,Russian Federation,483,,,,483
, ,Serbia and Kosovo (S/RES/1244 (1999)),81,,9,,90
, ,Somalia,146,,,,146
, ,Syrian Arab Rep.,21,,,,21
,Sweden,Afghanistan,4264,699,6,,4969
, ,Eritrea,822,590,,,1412
, ,Gambia,9,6,,,15
, ,Iran (Islamic Rep. of),5016,844,,,5860
, ,Iraq,21046,2136,,,23182
, ,Mali,2,6,,,8
, ,Russian Federation,1178,535,,,1713
, ,Serbia and Kosovo (S/RES/1244 (1999)),11953,2260,355,,14568
, ,Somalia,3486,992,,,4478
, ,Syrian Arab Rep.,1032,367,,,1399
,United Kingdom,Afghanistan,22532,,354,,22886
, ,Eritrea,3617,,,,3617
, ,Gambia,202,,,,202
, ,Iran (Islamic Rep. of),9039,,,,9039
, ,Iraq,22363,,,,22363
, ,Mali,4,,,,4
, ,Russian Federation,1886,,,,1886
, ,Serbia and Kosovo (S/RES/1244 (1999)),19717,,336,,20053
, ,Somalia,36319,,,,36319
, ,Syrian Arab Rep.,208,,,,208
2006,Austria,Afghanistan,3664,1575,22,,5261
, ,Eritrea,24,13,,,37
, ,Gambia,19,306,,,325
, ,Iran (Islamic Rep. of),1679,855,,,2534
, ,Iraq,1179,643,,,1822
, ,Mali,1,43,,,44
, ,Russian Federation,8723,6977,,,15700
, ,Somalia,266,176,,,442
, ,Serbia and Kosovo (S/RES/1244 (1999)),5485,6532,492,,12509
, ,Syrian Arab Rep.,167,290,,,457
,Belgium,Afghanistan,226,17,6,,249
, ,Eritrea,5,14,,,19
, ,Gambia,,2,,,2
, ,Iran (Islamic Rep. of),379,432,,,811
, ,Iraq,253,736,,,989
, ,Mali,,6,,,6
, ,Russian Federation,5425,730,,,6155
, ,Somalia,111,58,,,169
, ,Serbia and Kosovo (S/RES/1244 (1999)),1606,294,155,,2055
, ,Syrian Arab Rep.,100,153,,,253
,Denmark,Afghanistan,6306,61,5,,6372
, ,Eritrea,55,7,,,62
, ,Iran (Islamic Rep. of),1617,43,,,1660
, ,Iraq,9902,52,,,9954
, ,Russian Federation,485,12,,,497
, ,Somalia,5100,23,,,5123
, ,Serbia and Kosovo (S/RES/1244 (1999)),3075,28,146,,3249
, ,Syrian Arab Rep.,213,11,,,224
,Finland,Afghanistan,1883,59,2,,1944
, ,Eritrea,49,2,,,51
, ,Gambia,1,17,,,18
, ,Iran (Islamic Rep. of),1806,59,,,1865
, ,Iraq,1679,128,,,1807
, ,Mali,,4,,,4
, ,Russian Federation,277,84,,,361
, ,Somalia,1042,116,,,1158
, ,Serbia and Kosovo (S/RES/1244 (1999)),1321,142,47,,1510
, ,Syrian Arab Rep.,42,12,,,54
,France,Afghanistan,1238,,4,,1242
, ,Eritrea,104,,,,104
, ,Gambia,45,,,,45
, ,Iran (Islamic Rep. of),1617,,,,1617
, ,Iraq,1318,,,,1318
, ,Mali,163,,,,163
, ,Russian Federation,5945,,,,5945
, ,Somalia,612,,,,612
, ,Serbia and Kosovo (S/RES/1244 (1999)),7334,,160,,7494
, ,Syrian Arab Rep.,216,,,,216
,Germany,Afghanistan,21879,3999,172,,26050
, ,Eritrea,2276,860,,,3136
, ,Gambia,137,140,,,277
, ,Iran (Islamic Rep. of),13213,3924,,,17137
, ,Iraq,36205,5228,,,41433
, ,Mali,43,19,,,62
, ,Russian Federation,25347,3521,,,28868
, ,Somalia,2165,269,,,2434
, ,Serbia and Kosovo (S/RES/1244 (1999)),75211,7685,2772,,85668
, ,Syrian Arab Rep.,5845,2117,,,7962
,Hungary,Afghanistan,2357,4,,,2361
, ,Eritrea,3,,,,3
, ,Gambia,,1,,,1
, ,Iran (Islamic Rep. of),160,7,,,167
, ,Iraq,1235,17,,,1252
, ,Russian Federation,134,9,,,143
, ,Somalia,181,5,,,186
, ,Serbia and Kosovo (S/RES/1244 (1999)),2359,88,109,,2556
, ,Syrian Arab Rep.,46,14,,,60
,Ireland,Afghanistan,99,112,,,211
, ,Eritrea,55,35,,,90
, ,Gambia,6,5,,,11
, ,Iran (Islamic Rep. of),365,137,,,502
, ,Iraq,338,119,,,457
, ,Mali,,2,,,2
, ,Russian Federation,292,56,,,348
, ,Somalia,408,161,,,569
, ,Serbia and Kosovo (S/RES/1244 (1999)),376,42,2,,420
, ,Syrian Arab Rep.,29,12,,,41
,Netherlands,Afghanistan,21357,1293,162,,22812
, ,Eritrea,690,106,,,796
, ,Gambia,6,5,,,11
, ,Iran (Islamic Rep. of),4344,1010,,,5354
, ,Iraq,21782,1947,,,23729
, ,Mali,7,3,,,10
, ,Russian Federation,1362,219,,,1581
, ,Somalia,8086,712,,,8798
, ,Serbia and Kosovo (S/RES/1244 (1999)),2634,790,146,,3570
, ,Syrian Arab Rep.,1559,362,,,1921
,Poland,Afghanistan,79,,,,79
, ,Eritrea,1,1,,,2
, ,Gambia,,2,,,2
, ,Iran (Islamic Rep. of),8,,,,8
, ,Iraq,56,23,,,79
, ,Russian Federation,6024,1771,,,7795
, ,Somalia,135,4,,,139
, ,Serbia and Kosovo (S/RES/1244 (1999)),13,7,1,,21
, ,Syrian Arab Rep.,7,2,,,9
,Portugal,Afghanistan,5,,,,5
, ,Eritrea,4,,,,4
, ,Gambia,1,,,,1
, ,Iran (Islamic Rep. of),1,,,,1
, ,Iraq,4,,,,4
, ,Russian Federation,4,,,,4
, ,Serbia and Kosovo (S/RES/1244 (1999)),2,,,,2
,Spain,Afghanistan,74,,,,74
, ,Eritrea,5,,,,5
, ,Gambia,11,,,,11
, ,Iran (Islamic Rep. of),85,,,,85
, ,Iraq,245,,,,245
, ,Russian Federation,492,,,,492
, ,Somalia,147,,,,147
, ,Serbia and Kosovo (S/RES/1244 (1999)),81,,15,,96
, ,Syrian Arab Rep.,21,,,,21
,Sweden,Afghanistan,4278,591,,,4869
, ,Eritrea,1051,589,,,1640
, ,Gambia,18,11,,,29
, ,Iran (Islamic Rep. of),5205,616,,,5821
, ,Iraq,23852,5712,,,29564
, ,Mali,2,2,,,4
, ,Russian Federation,1493,515,,,2008
, ,Somalia,4066,489,,,4555
, ,Serbia and Kosovo (S/RES/1244 (1999)),12000,1406,255,,13661
, ,Syrian Arab Rep.,1065,462,,,1527
,United Kingdom,Afghanistan,23069,,523,,23592
, ,Eritrea,4901,,,,4901
, ,Gambia,200,,,,200
, ,Iran (Islamic Rep. of),9566,,7,,9573
, ,Iraq,21984,,103,,22087
, ,Mali,4,,,,4
, ,Russian Federation,1970,,,,1970
, ,Somalia,34138,,7,,34145
, ,Serbia and Kosovo (S/RES/1244 (1999)),18331,,189,,18520
, ,Syrian Arab Rep.,286,,,,286
2007,Austria,Afghanistan,4191,1544,2,,5737
, ,Eritrea,29,17,,,46
, ,Gambia,24,268,,,292
, ,Iran (Islamic Rep. of),1929,661,,,2590
, ,Iraq,1366,636,,,2002
, ,Mali,,33,,,33
, ,Russian Federation,11571,5561,,,17132
, ,Somalia,456,318,,,774
, ,Serbia and Kosovo (S/RES/1244 (1999)),5783,5331,250,,11364
, ,Syrian Arab Rep.,255,326,,,581
,Belgium,Afghanistan,151,0,6,,157
, ,Eritrea,11,0,,,11
, ,Iran (Islamic Rep. of),347,0,,,347
, ,Iraq,292,0,,,292
, ,Mali,1,0,,,1
, ,Russian Federation,5150,0,,,5150
, ,Somalia,94,0,,,94
, ,Serbia and Kosovo (S/RES/1244 (1999)),1320,0,11,,1331
, ,Syrian Arab Rep.,114,0,,,114
,Denmark,Afghanistan,5378,58,4,,5440
, ,Eritrea,15,2,,,17
, ,Gambia,,1,,,1
, ,Iran (Islamic Rep. of),771,46,,,817
, ,Iraq,8376,154,,,8530
, ,Russian Federation,489,40,,,529
, ,Somalia,3359,5,,,3364
, ,Serbia and Kosovo (S/RES/1244 (1999)),3030,22,12,,3064
, ,Syrian Arab Rep.,218,43,,,261
,Finland,Afghanistan,517,44,6,,567
, ,Eritrea,3,1,,,4
, ,Gambia,8,3,,,11
, ,Iran (Islamic Rep. of),238,38,,,276
, ,Iraq,992,145,,,1137
, ,Russian Federation,301,78,,,379
, ,Somalia,1178,53,,,1231
, ,Serbia and Kosovo (S/RES/1244 (1999)),1133,77,2,,1212
, ,Syrian Arab Rep.,46,5,,,51
,France,Afghanistan,1273,0,4,,1277
, ,Eritrea,162,0,,,162
, ,Gambia,44,0,,,44
, ,Iran (Islamic Rep. of),1633,0,,,1633
, ,Iraq,1397,0,,,1397
, ,Mali,378,0,,,378
, ,Russian Federation,6613,0,,,6613
, ,Somalia,650,0,,,650
, ,Serbia and Kosovo (S/RES/1244 (1999)),7848,0,68,,7916
, ,Syrian Arab Rep.,217,0,,,217
,Germany,Afghanistan,24236,2223,46,,26505
, ,Eritrea,2993,436,,,3429
, ,Gambia,115,115,,,230
, ,Iran (Islamic Rep. of),15123,2463,,,17586
, ,Iraq,34731,5153,,,39884
, ,Mali,42,12,,,54
, ,Russian Federation,30424,2295,,,32719
, ,Somalia,2227,155,,,2382
, ,Serbia and Kosovo (S/RES/1244 (1999)),91616,3975,84,,95675
, ,Syrian Arab Rep.,6996,1414,,,8410
,Hungary,Afghanistan,2293,19,3,,2315
, ,Eritrea,3,1,,,4
, ,Iran (Islamic Rep. of),164,3,,,167
, ,Iraq,1272,33,,,1305
, ,Russian Federation,137,8,,,145
, ,Somalia,210,63,,,273
, ,Serbia and Kosovo (S/RES/1244 (1999)),2329,500,27,,2856
, ,Syrian Arab Rep.,42,26,,,68
,Ireland,Afghanistan,106,118,1,,225
, ,Eritrea,85,51,,,136
, ,Gambia,7,7,,,14
, ,Iran (Islamic Rep. of),151,114,,,265
, ,Iraq,532,206,,,738
, ,Mali,,3,,,3
, ,Russian Federation,265,64,,,329
, ,Somalia,672,161,,,833
, ,Serbia and Kosovo (S/RES/1244 (1999)),352,50,,,402
, ,Syrian Arab Rep.,34,13,,,47
,Netherlands,Afghanistan,17296,0,21,,17317
, ,Eritrea,777,0,,,777
, ,Gambia,10,0,,,10
, ,Iran (Islamic Rep. of),3396,0,,,3396
, ,Iraq,19234,0,,,19234
, ,Mali,7,0,,,7
, ,Russian Federation,1265,0,,,1265
, ,Somalia,7919,0,,,7919
, ,Serbia and Kosovo (S/RES/1244 (1999)),2149,0,3,,2152
, ,Syrian Arab Rep.,1421,0,,,1421
,Poland,Afghanistan,76,3,1,,80
, ,Eritrea,2,0,,,2
, ,Gambia,,3,,,3
, ,Iran (Islamic Rep. of),6,3,,,9
, ,Iraq,50,3,,,53
, ,Russian Federation,9355,5653,,,15008
, ,Somalia,64,12,,,76
, ,Serbia and Kosovo (S/RES/1244 (1999)),11,0,,,11
, ,Syrian Arab Rep.,8,4,,,12
,Portugal,Afghanistan,6,0,,,6
, ,Eritrea,4,,,,4
, ,Gambia,1,,,,1
, ,Iran (Islamic Rep. of),1,0,,,1
, ,Iraq,5,0,,,5
, ,Russian Federation,5,0,,,5
, ,Serbia and Kosovo (S/RES/1244 (1999)),2,,,,2
,Spain,Afghanistan,69,0,,,69
, ,Eritrea,14,0,,,14
, ,Gambia,11,0,,,11
, ,Iran (Islamic Rep. of),71,0,,,71
, ,Iraq,240,0,,,240
, ,Russian Federation,508,0,,,508
, ,Somalia,127,0,,,127
, ,Serbia and Kosovo (S/RES/1244 (1999)),77,0,,,77
, ,Syrian Arab Rep.,21,0,,,21
,Sweden,Afghanistan,2611,624,11,,3246
, ,Eritrea,1521,773,,,2294
, ,Gambia,9,19,,,28
, ,Iran (Islamic Rep. of),1934,756,,,2690
, ,Iraq,30423,11382,,,41805
, ,Mali,2,1,,,3
, ,Russian Federation,1488,648,,,2136
, ,Somalia,5332,1943,,,7275
, ,Serbia and Kosovo (S/RES/1244 (1999)),9589,2221,39,,11849
, ,Syrian Arab Rep.,1081,544,,,1625
,United Kingdom,Afghanistan,23565,0,387,,23952
, ,Eritrea,6427,0,,,6427
, ,Gambia,233,0,,,233
, ,Iran (Islamic Rep. of),10227,0,,,10227
, ,Iraq,22021,0,18,,22039
, ,Mali,4,0,,,4
, ,Russian Federation,1982,0,,,1982
, ,Somalia,33659,0,1,,33660
, ,Serbia and Kosovo (S/RES/1244 (1999)),16237,0,6,,16243
, ,Syrian Arab Rep.,364,0,,,364
2008,Austria,Afghanistan,5387,2016,8,,7411
, ,Eritrea,34,28,,,62
, ,Gambia,33,214,,,247
, ,Iran (Islamic Rep. of),2112,586,,,2698
, ,Iraq,1972,745,,,2717
, ,Mali,1,24,,,25
, ,Russian Federation,14122,5312,,,19434
, ,Somalia,630,417,,,1047
, ,Serbia and Kosovo (S/RES/1244 (1999)),6218,4687,252,,11157
, ,Syrian Arab Rep.,333,357,,,690
,Belgium,Afghanistan,196,0,15,,211
, ,Eritrea,16,0,,,16
, ,Iran (Islamic Rep. of),305,0,,,305
, ,Iraq,494,0,,,494
, ,Mali,5,0,,,5
, ,Russian Federation,3981,0,,,3981
, ,Somalia,89,0,,,89
, ,Serbia and Kosovo (S/RES/1244 (1999)),1172,0,9,,1181
, ,Syrian Arab Rep.,152,0,,,152
,Denmark,Afghanistan,5214,82,1,,5297
, ,Eritrea,18,3,,,21
, ,Iran (Islamic Rep. of),805,47,,,852
, ,Iraq,7102,125,,,7227
, ,Mali,,1,,,1
, ,Russian Federation,587,38,,,625
, ,Somalia,2483,2,,,2485
, ,Serbia and Kosovo (S/RES/1244 (1999)),2936,21,2,,2959
, ,Syrian Arab Rep.,272,30,,,302
,Finland,Afghanistan,578,213,,,791
, ,Eritrea,4,3,,,7
, ,Gambia,8,6,,,14
, ,Iran (Islamic Rep. of),260,109,,,369
, ,Iraq,1206,872,,,2078
, ,Russian Federation,347,98,,,445
, ,Somalia,1219,914,,,2133
, ,Serbia and Kosovo (S/RES/1244 (1999)),1064,86,1,,1151
, ,Syrian Arab Rep.,50,15,,,65
,France,Afghanistan,1345,0,2,,1347
, ,Eritrea,222,0,,,222
, ,Gambia,53,0,,,53
, ,Iran (Islamic Rep. of),1661,0,,,1661
, ,Iraq,1656,0,,,1656
, ,Mali,1049,0,,,1049
, ,Russian Federation,7615,0,,,7615
, ,Somalia,686,0,,,686
, ,Serbia and Kosovo (S/RES/1244 (1999)),8395,0,77,,8472
, ,Syrian Arab Rep.,233,0,,,233
,Germany,Afghanistan,25108,1729,32,1632,28501
, ,Eritrea,3480,351,,,3831
, ,Gambia,114,191,,,305
, ,Iran (Islamic Rep. of),15816,2388,,,18204
, ,Iraq,38854,5801,,,44655
, ,Iraq,,,,7763,7763
, ,Mali,43,10,,,53
, ,Russian Federation,35505,1812,,,37317
, ,Somalia,2190,165,,,2355
, ,Serbia and Kosovo (S/RES/1244 (1999)),98787,3460,100,,102347
, ,Serbia and Kosovo (S/RES/1244 (1999)),,,,11500,11500
, ,Syrian Arab Rep.,8205,1418,,,9623
,Hungary,Afghanistan,2110,54,,,2164
, ,Eritrea,3,,,,3
, ,Iran (Islamic Rep. of),161,6,,,167
, ,Iraq,1243,53,,,1296
, ,Russian Federation,137,9,,,146
, ,Somalia,313,131,,,444
, ,Serbia and Kosovo (S/RES/1244 (1999)),2143,1082,19,,3244
, ,Syrian Arab Rep.,44,31,,,75
,Ireland,Afghanistan,127,122,,,249
, ,Eritrea,105,53,,,158
, ,Gambia,7,5,,,12
, ,Iran (Islamic Rep. of),173,113,,,286
, ,Iraq,642,165,,,807
, ,Mali,,4,,,4
, ,Russian Federation,276,45,,,321
, ,Somalia,653,181,,,834
, ,Serbia and Kosovo (S/RES/1244 (1999)),355,44,,,399
, ,Syrian Arab Rep.,36,16,,,52
,Netherlands,Afghanistan,13477,0,14,,13491
, ,Eritrea,917,0,,,917
, ,Gambia,14,0,,,14
, ,Iran (Islamic Rep. of),2956,0,,,2956
, ,Iraq,15553,0,,,15553
, ,Mali,6,0,,,6
, ,Russian Federation,1206,0,,,1206
, ,Somalia,8565,0,,,8565
, ,Serbia and Kosovo (S/RES/1244 (1999)),1991,0,5,,1996
, ,Syrian Arab Rep.,1326,0,,,1326
,Poland,Afghanistan,68,5,,,73
, ,Eritrea,2,,,,2
, ,Gambia,,1,,,1
, ,Iran (Islamic Rep. of),5,0,,,5
, ,Iraq,77,38,,,115
, ,Russian Federation,12034,4024,,,16058
, ,Somalia,63,9,,,72
, ,Serbia and Kosovo (S/RES/1244 (1999)),11,0,,,11
, ,Syrian Arab Rep.,8,4,,,12
,Portugal,Afghanistan,8,0,,,8
, ,Eritrea,11,0,,,11
, ,Gambia,1,,,,1
, ,Iran (Islamic Rep. of),2,0,,,2
, ,Iraq,5,0,,,5
, ,Russian Federation,7,0,,,7
, ,Somalia,19,0,,,19
, ,Serbia and Kosovo (S/RES/1244 (1999)),2,0,,,2
,Spain,Afghanistan,69,0,,,69
, ,Eritrea,15,0,,,15
, ,Gambia,2,0,,,2
, ,Iran (Islamic Rep. of),52,0,,,52
, ,Iraq,269,0,,,269
, ,Russian Federation,507,0,,,507
, ,Somalia,116,0,,,116
, ,Serbia and Kosovo (S/RES/1244 (1999)),73,0,1,,74
, ,Syrian Arab Rep.,34,0,,,34
,Sweden,Afghanistan,2946,604,19,,3569
, ,Eritrea,2165,606,,,2771
, ,Gambia,11,20,,,31
, ,Iran (Islamic Rep. of),1909,840,,,2749
, ,Iraq,32120,7824,,,39944
, ,Mali,2,5,,,7
, ,Russian Federation,1583,643,,,2226
, ,Somalia,6753,2876,,,9629
, ,Serbia and Kosovo (S/RES/1244 (1999)),8692,1884,36,,10612
, ,Syrian Arab Rep.,1084,617,,,1701
,United Kingdom,Afghanistan,23079,0,347,,23426
, ,Eritrea,7701,0,,,7701
, ,Gambia,258,0,,,258
, ,Iran (Islamic Rep. of),10320,0,,,10320
, ,Iraq,21483,0,,,21483
, ,Mali,10,0,,,10
, ,Russian Federation,1987,0,,,1987
, ,Somalia,31665,0,,,31665
, ,Serbia and Kosovo (S/RES/1244 (1999)),15242,0,10,,15252
, ,Syrian Arab Rep.,395,0,,,395
2009,Austria,Afghanistan,6401,2808,,,9209
, ,Eritrea,48,31,,,79
, ,Gambia,48,189,,,237
, ,Iran (Islamic Rep. of),2183,606,,,2789
, ,Iraq,2183,807,,,2990
, ,Mali,1,25,,,26
, ,Russian Federation,15828,4693,,,20521
, ,Somalia,830,485,,,1315
, ,Serbia and Kosovo (S/RES/1244 (1999)),3473,3957,923,,8353
, ,Syrian Arab Rep.,385,495,,,880
,Belgium,Afghanistan,271,0,1,,272
, ,Eritrea,24,0,,,24
, ,Iran (Islamic Rep. of),339,0,,,339
, ,Iraq,718,0,,,718
, ,Mali,4,0,,,4
, ,Russian Federation,3428,0,,,3428
, ,Somalia,98,0,,,98
, ,Serbia and Kosovo (S/RES/1244 (1999)),1059,0,91,,1150
, ,Syrian Arab Rep.,177,0,,,177
,Denmark,Afghanistan,5026,328,,,5354
, ,Eritrea,21,15,,,36
, ,Gambia,,2,,,2
, ,Iran (Islamic Rep. of),864,171,,,1035
, ,Iraq,5467,71,320,,5858
, ,Russian Federation,651,47,,,698
, ,Somalia,1987,44,,,2031
, ,Serbia and Kosovo (S/RES/1244 (1999)),2466,37,6,,2509
, ,Syrian Arab Rep.,392,152,,,544
,Finland,Afghanistan,656,346,,,1002
, ,Eritrea,5,8,,,13
, ,Gambia,11,29,,,40
, ,Iran (Islamic Rep. of),278,129,,,407
, ,Iraq,1627,903,,,2530
, ,Russian Federation,412,433,,,845
, ,Somalia,1694,694,,,2388
, ,Serbia and Kosovo (S/RES/1244 (1999)),800,225,6,,1031
, ,Syrian Arab Rep.,52,31,,,83
,France,Afghanistan,1567,0,11,,1578
, ,Eritrea,369,0,,,369
, ,Gambia,79,0,,,79
, ,Iran (Islamic Rep. of),1735,0,,,1735
, ,Iraq,2147,0,,,2147
, ,Mali,2034,0,,,2034
, ,Russian Federation,8942,0,,,8942
, ,Somalia,835,0,,,835
, ,Serbia and Kosovo (S/RES/1244 (1999)),9437,0,82,,9519
, ,Syrian Arab Rep.,244,0,,,244
,Germany,Afghanistan,30320,3891,6,971,35188
, ,Eritrea,4293,299,,,4592
, ,Gambia,469,282,,,751
, ,Iran (Islamic Rep. of),20226,2684,,,22910
, ,Iraq,49033,5403,530,,54966
, ,Iraq,,,,6704,6704
, ,Mali,72,17,,,89
, ,Russian Federation,37642,1948,,,39590
, ,Somalia,2407,326,,,2733
, ,Serbia and Kosovo (S/RES/1244 (1999)),123700,3756,374,,127830
, ,Serbia and Kosovo (S/RES/1244 (1999)),,,,10000,10000
, ,Syrian Arab Rep.,10217,1811,,,12028
,Hungary,Afghanistan,1907,198,,,2105
, ,Eritrea,3,,,,3
, ,Iran (Islamic Rep. of),164,36,,,200
, ,Iraq,1166,8,,,1174
, ,Russian Federation,133,12,,,145
, ,Somalia,397,19,,,416
, ,Serbia and Kosovo (S/RES/1244 (1999)),702,128,266,,1096
, ,Syrian Arab Rep.,43,3,,,46
,Ireland,Afghanistan,149,55,,,204
, ,Eritrea,118,23,,,141
, ,Gambia,7,1,,,8
, ,Iran (Islamic Rep. of),197,47,,,244
, ,Iraq,688,75,,,763
, ,Russian Federation,271,33,,,304
, ,Somalia,590,155,,,745
, ,Serbia and Kosovo (S/RES/1244 (1999)),324,23,2,,349
, ,Syrian Arab Rep.,34,6,,,40
,Netherlands,Afghanistan,9383,1604,5,,10992
, ,Eritrea,1132,335,,,1467
, ,Gambia,15,14,,,29
, ,Iran (Islamic Rep. of),2662,562,,,3224
, ,Iraq,16844,4893,450,,22187
, ,Mali,7,5,,,12
, ,Russian Federation,1168,138,,,1306
, ,Somalia,11068,3767,,,14835
, ,Serbia and Kosovo (S/RES/1244 (1999)),1723,101,16,,1840
, ,Syrian Arab Rep.,1254,98,,,1352
,Poland,Afghanistan,67,10,,,77
, ,Eritrea,2,,,,2
, ,Gambia,,1,,,1
, ,Iran (Islamic Rep. of),9,3,,,12
, ,Iraq,100,8,,,108
, ,Russian Federation,14510,1781,,,16291
, ,Somalia,65,1,,,66
, ,Serbia and Kosovo (S/RES/1244 (1999)),9,2,,,11
, ,Syrian Arab Rep.,8,3,,,11
,Portugal,Afghanistan,7,,,,7
, ,Eritrea,17,0,,,17
, ,Gambia,1,0,,,1
, ,Iran (Islamic Rep. of),3,0,,,3
, ,Iraq,6,0,,,6
, ,Russian Federation,7,1,,,8
, ,Somalia,24,0,,,24
, ,Serbia and Kosovo (S/RES/1244 (1999)),2,,,,2
,Spain,Afghanistan,70,0,,,70
, ,Eritrea,16,0,,,16
, ,Gambia,8,0,,,8
, ,Iran (Islamic Rep. of),50,0,,,50
, ,Iraq,265,0,,,265
, ,Russian Federation,464,0,,,464
, ,Somalia,65,0,,,65
, ,Serbia and Kosovo (S/RES/1244 (1999)),55,0,1,,56
, ,Syrian Arab Rep.,33,0,,,33
,Sweden,Afghanistan,3637,1061,4,,4702
, ,Eritrea,3018,498,,,3516
, ,Gambia,15,18,,,33
, ,Iran (Islamic Rep. of),2148,1142,,,3290
, ,Iraq,31558,3106,1990,,36654
, ,Mali,5,2,,,7
, ,Russian Federation,1705,751,,,2456
, ,Somalia,10636,2889,,,13525
, ,Serbia and Kosovo (S/RES/1244 (1999)),8852,1256,76,,10184
, ,Syrian Arab Rep.,1118,594,,,1712
,United Kingdom,Afghanistan,23658,0,99,,23757
, ,Eritrea,8829,0,,,8829
, ,Gambia,307,0,,,307
, ,Iran (Islamic Rep. of),10845,0,,,10845
, ,Iraq,21287,0,340,,21627
, ,Mali,10,0,,,10
, ,Russian Federation,1820,0,,,1820
, ,Somalia,32299,0,,,32299
, ,Serbia and Kosovo (S/RES/1244 (1999)),8009,0,47,,8056
, ,Syrian Arab Rep.,460,0,,,460
2010,Austria,Afghanistan,7359,2696,,,10055
, ,Eritrea,63,19,,,82
, ,Gambia,71,112,,,183
, ,Iran (Islamic Rep. of),2357,577,,,2934
, ,Iraq,2320,912,,,3232
, ,Mali,1,31,,,32
, ,Russian Federation,17229,3870,,,21099
, ,Somalia,1093,407,,,1500
, ,Serbia and Kosovo (S/RES/1244 (1999)),3353,2797,,,6150
, ,Syrian Arab Rep.,505,471,,,976
,Belgium,Afghanistan,501,0,,,501
, ,Eritrea,36,0,,,36
, ,Iran (Islamic Rep. of),341,0,,,341
, ,Iraq,962,0,,,962
, ,Mali,5,0,,,5
, ,Russian Federation,2964,0,,,2964
, ,Somalia,117,0,,,117
, ,Serbia and Kosovo (S/RES/1244 (1999)),1040,0,,,1040
, ,Syrian Arab Rep.,229,0,,,229
,Denmark,Afghanistan,4467,974,,,5441
, ,Eritrea,29,20,,,49
, ,Gambia,,7,,,7
, ,Iran (Islamic Rep. of),1030,461,,,1491
, ,Iraq,3962,210,,,4172
, ,Russian Federation,748,247,,,995
, ,Somalia,1497,87,,,1584
, ,Serbia and Kosovo (S/RES/1244 (1999)),2288,106,,,2394
, ,Syrian Arab Rep.,750,483,,,1233
,Finland,Afghanistan,807,235,,,1042
, ,Eritrea,7,5,,,12
, ,Gambia,13,15,,,28
, ,Iran (Islamic Rep. of),323,93,,,416
, ,Iraq,2188,379,,,2567
, ,Mali,,2,,,2
, ,Russian Federation,469,347,,,816
, ,Somalia,2226,325,,,2551
, ,Serbia and Kosovo (S/RES/1244 (1999)),660,82,,,742
, ,Syrian Arab Rep.,59,23,,,82
,France,Afghanistan,1790,0,,,1790
, ,Eritrea,663,0,,,663
, ,Gambia,87,0,,,87
, ,Iran (Islamic Rep. of),1917,0,,,1917
, ,Iraq,2366,0,,,2366
, ,Mali,2614,0,,,2614
, ,Russian Federation,9858,0,,,9858
, ,Somalia,1027,0,,,1027
, ,Serbia and Kosovo (S/RES/1244 (1999)),9985,0,,,9985
, ,Syrian Arab Rep.,280,0,,,280
,Germany,Afghanistan,30404,7024,,1073,38501
, ,Eritrea,4519,536,,,5055
, ,Gambia,469,327,,,796
, ,Iran (Islamic Rep. of),20444,3436,,,23880
, ,Iraq,50432,5589,,,56021
, ,Iraq,,,,6709,6709
, ,Mali,75,27,,,102
, ,Russian Federation,39460,2020,,,41480
, ,Somalia,2620,1921,,,4541
, ,Serbia and Kosovo (S/RES/1244 (1999)),122340,7789,,,130129
, ,Serbia and Kosovo (S/RES/1244 (1999)),,,,8500,8500
, ,Syrian Arab Rep.,10518,2690,,,13208
,Hungary,Afghanistan,1767,54,,,1821
, ,Eritrea,2,,,,2
, ,Iran (Islamic Rep. of),164,13,,,177
, ,Iraq,1091,10,,,1101
, ,Russian Federation,123,10,,,133
, ,Somalia,421,11,,,432
, ,Serbia and Kosovo (S/RES/1244 (1999)),337,71,,,408
, ,Syrian Arab Rep.,39,8,,,47
,Ireland,Afghanistan,157,181,,,338
, ,Eritrea,121,43,,,164
, ,Gambia,7,10,,,17
, ,Iran (Islamic Rep. of),205,109,,,314
, ,Iraq,650,123,,,773
, ,Mali,,1,,,1
, ,Russian Federation,267,51,,,318
, ,Somalia,589,206,,,795
, ,Serbia and Kosovo (S/RES/1244 (1999)),313,48,,,361
, ,Syrian Arab Rep.,34,10,,,44
,Netherlands,Afghanistan,6731,1510,,,8241
, ,Eritrea,1423,248,,,1671
, ,Gambia,19,12,,,31
, ,Iran (Islamic Rep. of),2758,682,,,3440
, ,Iraq,17779,3025,,,20804
, ,Mali,8,13,,,21
, ,Russian Federation,1104,228,,,1332
, ,Somalia,13736,2268,,,16004
, ,Serbia and Kosovo (S/RES/1244 (1999)),1269,97,,,1366
, ,Syrian Arab Rep.,1186,133,,,1319
,Poland,Afghanistan,76,15,,,91
, ,Eritrea,2,1,,,3
, ,Gambia,,2,,,2
, ,Iran (Islamic Rep. of),11,4,,,15
, ,Iraq,111,19,,,130
, ,Russian Federation,14730,956,,,15686
, ,Somalia,55,5,,,60
, ,Serbia and Kosovo (S/RES/1244 (1999)),4,1,,,5
, ,Syrian Arab Rep.,8,8,,,16
,Portugal,Afghanistan,6,1,,,7
, ,Eritrea,21,2,,,23
, ,Gambia,1,0,,,1
, ,Iran (Islamic Rep. of),6,5,,,11
, ,Iraq,6,,,,6
, ,Russian Federation,7,4,,,11
, ,Somalia,24,2,,,26
, ,Serbia and Kosovo (S/RES/1244 (1999)),2,,,,2
,Spain,Afghanistan,59,17,,,76
, ,Eritrea,16,24,,,40
, ,Gambia,8,59,,,67
, ,Iran (Islamic Rep. of),50,39,,,89
, ,Iraq,263,29,,,292
, ,Mali,1,6,,,7
, ,Russian Federation,377,22,,,399
, ,Somalia,78,79,,,157
, ,Serbia and Kosovo (S/RES/1244 (1999)),41,2,,,43
, ,Syrian Arab Rep.,35,12,,,47
,Sweden,Afghanistan,4150,1708,,,5858
, ,Eritrea,3921,580,,,4501
, ,Gambia,27,43,,,70
, ,Iran (Islamic Rep. of),2360,1270,,,3630
, ,Iraq,29013,1580,,,30593
, ,Mali,5,5,,,10
, ,Russian Federation,1739,767,,,2506
, ,Somalia,15238,1553,,,16791
, ,Serbia and Kosovo (S/RES/1244 (1999)),6848,2824,,,9672
, ,Syrian Arab Rep.,1169,371,,,1540
,United Kingdom,Afghanistan,23406,0,,,23406
, ,Eritrea,9430,0,,,9430
, ,Gambia,443,0,,,443
, ,Iran (Islamic Rep. of),10837,0,,,10837
, ,Iraq,18143,0,,,18143
, ,Mali,10,0,,,10
, ,Russian Federation,1603,0,,,1603
, ,Somalia,23893,0,,,23893
, ,Serbia and Kosovo (S/RES/1244 (1999)),6759,0,,,6759
, ,Syrian Arab Rep.,499,0,,,499
2011,Austria,Afghanistan,8636,4576,,,13212
, ,Eritrea,76,24,,,100
, ,Gambia,83,103,,,186
, ,Iran (Islamic Rep. of),2509,624,,,3133
, ,Iraq,2622,893,,,3515
, ,Mali,1,31,,,32
, ,Russian Federation,18473,3109,,,21582
, ,Somalia,1473,691,,,2164
, ,Serbia and Kosovo (S/RES/1244 (1999)),3290,1598,,,4888
, ,Syrian Arab Rep.,903,456,,,1359
,Belgium,Afghanistan,785,1765,,,2550
, ,Eritrea,81,14,,,95
, ,Gambia,,11,,,11
, ,Iran (Islamic Rep. of),347,559,,,906
, ,Iraq,1329,853,,,2182
, ,Mali,9,19,,,28
, ,Russian Federation,2894,908,,,3802
, ,Somalia,247,184,,,431
, ,Serbia and Kosovo (S/RES/1244 (1999)),1066,1050,,,2116
, ,Syrian Arab Rep.,312,666,,,978
,Denmark,Afghanistan,3108,160,,,3268
, ,Eritrea,39,2,,,41
, ,Iran (Islamic Rep. of),1245,99,,,1344
, ,Iraq,1910,13,685,,2608
, ,Russian Federation,794,27,,,821
, ,Somalia,904,39,,,943
, ,Serbia and Kosovo (S/RES/1244 (1999)),1757,27,,,1784
, ,Syrian Arab Rep.,1197,93,,,1290
,Finland,Afghanistan,948,280,,,1228
, ,Eritrea,12,9,,,21
, ,Gambia,16,8,,,24
, ,Iran (Islamic Rep. of),359,141,,,500
, ,Iraq,2508,394,129,,3031
, ,Russian Federation,577,291,,,868
, ,Somalia,2404,270,,,2674
, ,Serbia and Kosovo (S/RES/1244 (1999)),365,83,,,448
, ,Syrian Arab Rep.,86,75,,,161
,France,Afghanistan,2120,0,,,2120
, ,Eritrea,1093,0,,,1093
, ,Gambia,110,0,,,110
, ,Iran (Islamic Rep. of),2064,0,,,2064
, ,Iraq,2519,0,,,2519
, ,Mali,3082,0,,,3082
, ,Russian Federation,10882,0,,,10882
, ,Somalia,1303,0,,,1303
, ,Serbia and Kosovo (S/RES/1244 (1999)),10891,0,,,10891
, ,Syrian Arab Rep.,351,0,,,351
,Germany,Afghanistan,30425,11087,,1358,42870
, ,Eritrea,4606,762,,,5368
, ,Gambia,473,286,,,759
, ,Iran (Islamic Rep. of),20462,4695,,,25157
, ,Iraq,48976,6074,905,,55955
, ,Iraq,,,,7213,7213
, ,Mali,66,34,,,100
, ,Russian Federation,39816,2593,,,42409
, ,Somalia,3139,1582,,,4721
, ,Serbia and Kosovo (S/RES/1244 (1999)),110455,7635,,,118090
, ,Serbia and Kosovo (S/RES/1244 (1999)),,,,7838,7838
, ,Syrian Arab Rep.,10155,4713,,,14868
,Hungary,Afghanistan,1697,0,,,1697
, ,Eritrea,2,0,,,2
, ,Iran (Islamic Rep. of),167,0,,,167
, ,Iraq,998,0,,,998
, ,Russian Federation,115,0,,,115
, ,Somalia,406,0,,,406
, ,Serbia and Kosovo (S/RES/1244 (1999)),272,0,,,272
, ,Syrian Arab Rep.,42,0,,,42
,Ireland,Afghanistan,170,209,,,379
, ,Eritrea,119,42,,,161
, ,Gambia,5,9,,,14
, ,Iran (Islamic Rep. of),215,81,,,296
, ,Iraq,595,113,,,708
, ,Mali,,1,,,1
, ,Russian Federation,242,57,,,299
, ,Somalia,542,190,,,732
, ,Serbia and Kosovo (S/RES/1244 (1999)),225,58,,,283
, ,Syrian Arab Rep.,27,18,,,45
,Netherlands,Afghanistan,5697,1473,,,7170
, ,Eritrea,1880,167,,,2047
, ,Gambia,22,10,,,32
, ,Iran (Islamic Rep. of),3152,786,,,3938
, ,Iraq,18255,1384,920,,20559
, ,Mali,10,10,,,20
, ,Russian Federation,1007,239,,,1246
, ,Somalia,15715,1595,,,17310
, ,Serbia and Kosovo (S/RES/1244 (1999)),794,81,,,875
, ,Syrian Arab Rep.,1064,231,,,1295
,Poland,Afghanistan,68,34,,,102
, ,Eritrea,15,0,,,15
, ,Iran (Islamic Rep. of),13,12,,,25
, ,Iraq,135,17,,,152
, ,Russian Federation,14897,1918,,,16815
, ,Somalia,51,5,,,56
, ,Serbia and Kosovo (S/RES/1244 (1999)),2,2,,,4
, ,Syrian Arab Rep.,10,10,,,20
,Portugal,Afghanistan,4,4,,,8
, ,Eritrea,22,,,,22
, ,Gambia,1,2,,,3
, ,Iran (Islamic Rep. of),7,14,,,21
, ,Iraq,7,4,,,11
, ,Russian Federation,11,9,,,20
, ,Somalia,33,19,,,52
, ,Serbia and Kosovo (S/RES/1244 (1999)),2,,,,2
,Spain,Afghanistan,62,0,,,62
, ,Eritrea,20,0,,,20
, ,Gambia,9,0,,,9
, ,Iran (Islamic Rep. of),55,0,,,55
, ,Iraq,250,0,,,250
, ,Mali,1,0,,,1
, ,Russian Federation,305,0,,,305
, ,Somalia,147,0,,,147
, ,Serbia and Kosovo (S/RES/1244 (1999)),23,0,,,23
, ,Syrian Arab Rep.,32,0,,,32
,Sweden,Afghanistan,6620,2204,,,8824
, ,Eritrea,5123,616,,,5739
, ,Gambia,34,37,,,71
, ,Iran (Islamic Rep. of),2681,968,,,3649
, ,Iraq,27367,1058,2265,,30690
, ,Mali,7,4,,,11
, ,Russian Federation,1786,713,,,2499
, ,Somalia,17602,1744,,,19346
, ,Serbia and Kosovo (S/RES/1244 (1999)),5529,2478,,,8007
, ,Syrian Arab Rep.,1206,485,,,1691
,United Kingdom,Afghanistan,14424,1402,,,15826
, ,Eritrea,9851,446,,,10297
, ,Gambia,605,247,,,852
, ,Iran (Islamic Rep. of),11632,1704,,,13336
, ,Iraq,15652,521,835,,17008
, ,Mali,12,7,,,19
, ,Russian Federation,1421,93,,,1514
, ,Somalia,19668,424,,,20092
, ,Serbia and Kosovo (S/RES/1244 (1999)),4364,23,,,4387
, ,Syrian Arab Rep.,693,339,,,1032
2012,Austria,Afghanistan,10158,6203,,,16361
, ,Eritrea,88,19,,,107
, ,Gambia,90,95,,,185
, ,Iran (Islamic Rep. of),2816,804,,,3620
, ,Iraq,2863,807,,,3670
, ,Mali,5,34,,,39
, ,Russian Federation,19517,3157,,,22674
, ,Somalia,1915,798,,,2713
, ,Serbia and Kosovo (S/RES/1244 (1999)),3165,1065,,,4230
, ,Syrian Arab Rep.,1675,694,,,2369
,Belgium,Afghanistan,1267,1911,,,3178
, ,Eritrea,62,32,,,94
, ,Gambia,,21,,,21
, ,Iran (Islamic Rep. of),411,657,,,1068
, ,Iraq,1541,416,95,,2052
, ,Mali,11,95,,,106
, ,Russian Federation,2661,562,,,3223
, ,Somalia,288,288,,,576
, ,Serbia and Kosovo (S/RES/1244 (1999)),983,34,,,1017
, ,Syrian Arab Rep.,355,938,,,1293
,Denmark,Afghanistan,2515,361,,,2876
, ,Eritrea,46,16,,,62
, ,Gambia,,8,,,8
, ,Iran (Islamic Rep. of),1529,181,,,1710
, ,Iraq,1165,54,705,,1924
, ,Mali,,2,,,2
, ,Russian Federation,842,161,,,1003
, ,Somalia,531,78,,,609
, ,Serbia and Kosovo (S/RES/1244 (1999)),1192,35,,,1227
, ,Syrian Arab Rep.,1903,115,,,2018
,Finland,Afghanistan,1137,155,,,1292
, ,Eritrea,16,7,,,23
, ,Gambia,16,15,,,31
, ,Iran (Islamic Rep. of),431,115,,,546
, ,Iraq,2797,563,85,,3445
, ,Mali,,9,,,9
, ,Russian Federation,598,188,,,786
, ,Somalia,2571,110,,,2681
, ,Serbia and Kosovo (S/RES/1244 (1999)),322,47,,,369
, ,Syrian Arab Rep.,218,110,,,328
,France,Afghanistan,2590,595,,,3185
, ,Eritrea,1316,0,,,1316
, ,Gambia,120,0,,,120
, ,Iran (Islamic Rep. of),2172,0,,,2172
, ,Iraq,2620,0,,,2620
, ,Mali,3428,0,,,3428
, ,Russian Federation,11767,2169,,,13936
, ,Somalia,1489,0,,,1489
, ,Serbia and Kosovo (S/RES/1244 (1999)),11506,1139,,,12645
, ,Syrian Arab Rep.,640,0,,,640
,Germany,Afghanistan,31746,14357,,,46103
, ,Eritrea,4836,1018,,,5854
, ,Gambia,502,350,,,852
, ,Iran (Islamic Rep. of),21629,6618,,,28247
, ,Iraq,49829,6302,955,,57086
, ,Mali,86,201,,,287
, ,Russian Federation,40204,4668,,,44872
, ,Somalia,3634,1972,,,5606
, ,Serbia and Kosovo (S/RES/1244 (1999)),113809,10620,,,124429
, ,Syrian Arab Rep.,18165,5986,,,24151
,Hungary,Afghanistan,1131,0,,,1131
, ,Eritrea,4,0,,,4
, ,Iran (Islamic Rep. of),145,0,,,145
, ,Iraq,563,0,,,563
, ,Russian Federation,103,0,,,103
, ,Somalia,431,0,,,431
, ,Serbia and Kosovo (S/RES/1244 (1999)),266,0,,,266
, ,Syrian Arab Rep.,86,0,,,86
,Ireland,Afghanistan,181,210,,,391
, ,Eritrea,119,40,,,159
, ,Gambia,5,9,,,14
, ,Iran (Islamic Rep. of),206,93,,,299
, ,Iraq,534,120,,,654
, ,Mali,,1,,,1
, ,Russian Federation,148,51,,,199
, ,Somalia,505,172,,,677
, ,Serbia and Kosovo (S/RES/1244 (1999)),143,62,,,205
, ,Syrian Arab Rep.,38,15,,,53
,Netherlands,Afghanistan,6126,1473,,,7599
, ,Eritrea,2103,167,,,2270
, ,Gambia,22,10,,,32
, ,Iran (Islamic Rep. of),3354,786,,,4140
, ,Iraq,18012,1384,720,,20116
, ,Mali,10,10,,,20
, ,Russian Federation,880,239,,,1119
, ,Somalia,16286,1595,,,17881
, ,Serbia and Kosovo (S/RES/1244 (1999)),565,81,,,646
, ,Syrian Arab Rep.,1449,231,,,1680
,Poland,Afghanistan,72,72,,,144
, ,Eritrea,14,4,,,18
, ,Iran (Islamic Rep. of),15,7,,,22
, ,Iraq,137,24,,,161
, ,Russian Federation,14938,1376,,,16314
, ,Somalia,48,9,,,57
, ,Serbia and Kosovo (S/RES/1244 (1999)),2,3,,,5
, ,Syrian Arab Rep.,17,83,,,100
,Portugal,Afghanistan,6,3,,,9
, ,Eritrea,22,2,,,24
, ,Gambia,2,0,,,2
, ,Iran (Islamic Rep. of),10,0,,,10
, ,Iraq,6,4,,,10
, ,Russian Federation,15,3,,,18
, ,Somalia,40,9,,,49
, ,Serbia and Kosovo (S/RES/1244 (1999)),2,,,,2
, ,Syrian Arab Rep.,,9,,,9
,Spain,Afghanistan,92,35,,,127
, ,Eritrea,33,25,,,58
, ,Gambia,8,30,,,38
, ,Iran (Islamic Rep. of),51,65,,,116
, ,Iraq,248,35,,,283
, ,Mali,1,95,,,96
, ,Russian Federation,268,25,,,293
, ,Somalia,196,75,,,271
, ,Serbia and Kosovo (S/RES/1244 (1999)),16,0,,,16
, ,Syrian Arab Rep.,32,320,,,352
,Sweden,Afghanistan,8454,2353,,,10807
, ,Eritrea,6414,986,,,7400
, ,Gambia,45,59,,,104
, ,Iran (Islamic Rep. of),2992,1134,,,4126
, ,Iraq,24741,898,2545,,28184
, ,Mali,10,32,,,42
, ,Russian Federation,1770,676,,,2446
, ,Somalia,19416,2563,,,21979
, ,Serbia and Kosovo (S/RES/1244 (1999)),4315,1741,,,6056
, ,Syrian Arab Rep.,6051,3751,,,9802
,United Kingdom,Afghanistan,9845,1262,,,11107
, ,Eritrea,9903,375,,,10278
, ,Gambia,794,286,,,1080
, ,Iran (Islamic Rep. of),11433,1960,,,13393
, ,Iraq,5755,487,840,,7082
, ,Mali,13,11,,,24
, ,Russian Federation,1106,125,,,1231
, ,Somalia,15134,475,,,15609
, ,Serbia and Kosovo (S/RES/1244 (1999)),2328,35,,,2363
, ,Syrian Arab Rep.,1717,389,,,2106
2013,Austria,Afghanistan,11906,6248,,,18154
, ,Eritrea,101,54,,,155
, ,Gambia,101,108,,,209
, ,Iran (Islamic Rep. of),3188,687,,,3875
, ,Iraq,2966,699,,,3665
, ,Mali,11,35,,,46
, ,Russian Federation,19577,3250,,,22827
, ,Somalia,2278,812,,,3090
, ,Serbia and Kosovo (S/RES/1244 (1999)),3075,952,,,4027
, ,Syrian Arab Rep.,2748,1561,,,4309
,Belgium,Afghanistan,4328,580,,,4908
, ,Eritrea,105,56,,,161
, ,Gambia,19,45,,,64
, ,Iran (Islamic Rep. of),486,426,,,912
, ,Iraq,3058,505,,,3563
, ,Mali,17,143,,,160
, ,Russian Federation,2177,446,,,2623
, ,Somalia,559,238,,,797
, ,Serbia and Kosovo (S/RES/1244 (1999)),822,62,,,884
, ,Syrian Arab Rep.,1987,378,,,2365
,Denmark,Afghanistan,2139,209,,,2348
, ,Eritrea,108,19,,,127
, ,Gambia,,8,,,8
, ,Iran (Islamic Rep. of),1842,130,,,1972
, ,Iraq,1034,35,310,,1379
, ,Mali,1,3,,,4
, ,Russian Federation,1023,205,,,1228
, ,Somalia,798,357,,,1155
, ,Serbia and Kosovo (S/RES/1244 (1999)),765,4,,,769
, ,Syrian Arab Rep.,3271,86,,,3357
,Finland,Afghanistan,1357,90,,,1447
, ,Eritrea,23,2,,,25
, ,Gambia,18,31,,,49
, ,Iran (Islamic Rep. of),509,85,,,594
, ,Iraq,3448,364,,,3812
, ,Mali,,5,,,5
, ,Russian Federation,672,161,,,833
, ,Somalia,2744,95,,,2839
, ,Serbia and Kosovo (S/RES/1244 (1999)),276,48,,,324
, ,Syrian Arab Rep.,352,77,,,429
,France,Afghanistan,3213,601,,,3814
, ,Eritrea,1508,281,,,1789
, ,Gambia,140,85,,,225
, ,Iran (Islamic Rep. of),2311,136,,,2447
, ,Iraq,2677,57,,,2734
, ,Mali,3719,966,,,4685
, ,Russian Federation,12795,4240,,,17035
, ,Somalia,1674,408,,,2082
, ,Serbia and Kosovo (S/RES/1244 (1999)),11738,3777,,,15515
, ,Syrian Arab Rep.,1474,343,,,1817
,Germany,Afghanistan,24203,16148,,,40351
, ,Eritrea,3984,4101,,,8085
, ,Gambia,126,869,,,995
, ,Iran (Islamic Rep. of),17150,7788,,,24938
, ,Iraq,40230,6093,685,,47008
, ,Mali,21,695,,,716
, ,Russian Federation,4358,12890,,,17248
, ,Somalia,3512,4803,,,8315
, ,Serbia and Kosovo (S/RES/1244 (1999)),8410,14515,,,22925
, ,Syrian Arab Rep.,21253,10566,,,31819
,Hungary,Afghanistan,749,697,,,1446
, ,Eritrea,6,18,,,24
, ,Gambia,,4,,,4
, ,Iran (Islamic Rep. of),69,10,,,79
, ,Iraq,223,12,,,235
, ,Mali,1,19,,,20
, ,Russian Federation,24,2,,,26
, ,Somalia,446,42,,,488
, ,Serbia and Kosovo (S/RES/1244 (1999)),76,125,,,201
, ,Syrian Arab Rep.,141,184,,,325
,Ireland,Afghanistan,129,173,,,302
, ,Eritrea,39,47,,,86
, ,Gambia,2,5,,,7
, ,Iran (Islamic Rep. of),118,78,,,196
, ,Iraq,380,102,,,482
, ,Mali,7,1,,,8
, ,Russian Federation,188,54,,,242
, ,Somalia,559,97,,,656
, ,Serbia and Kosovo (S/RES/1244 (1999)),214,51,,,265
, ,Syrian Arab Rep.,71,15,,,86
,Netherlands,Afghanistan,6269,0,,,6269
, ,Eritrea,2807,0,,,2807
, ,Gambia,27,0,,,27
, ,Iran (Islamic Rep. of),4148,0,,,4148
, ,Iraq,15533,0,475,,16008
, ,Mali,10,0,,,10
, ,Russian Federation,765,0,,,765
, ,Somalia,18799,0,,,18799
, ,Serbia and Kosovo (S/RES/1244 (1999)),405,0,,,405
, ,Syrian Arab Rep.,3404,0,,,3404
,Poland,Afghanistan,88,49,,,137
, ,Eritrea,15,4,,,19
, ,Gambia,,1,,,1
, ,Iran (Islamic Rep. of),17,13,,,30
, ,Iraq,141,36,,,177
, ,Mali,,2,,,2
, ,Russian Federation,15149,1330,,,16479
, ,Somalia,54,26,,,80
, ,Serbia and Kosovo (S/RES/1244 (1999)),3,0,,,3
, ,Syrian Arab Rep.,108,100,,,208
,Portugal,Afghanistan,9,2,,,11
, ,Eritrea,22,7,,,29
, ,Gambia,4,0,,,4
, ,Iran (Islamic Rep. of),13,0,,,13
, ,Iraq,6,0,,,6
, ,Mali,1,6,,,7
, ,Russian Federation,18,10,,,28
, ,Somalia,44,6,,,50
, ,Serbia and Kosovo (S/RES/1244 (1999)),2,1,,,3
, ,Syrian Arab Rep.,14,8,,,22
,Spain,Afghanistan,114,78,,,192
, ,Eritrea,41,5,,,46
, ,Gambia,8,23,,,31
, ,Iran (Islamic Rep. of),56,101,,,157
, ,Iraq,245,70,,,315
, ,Mali,1,1527,,,1528
, ,Russian Federation,204,40,,,244
, ,Somalia,284,76,,,360
, ,Serbia and Kosovo (S/RES/1244 (1999)),12,0,,,12
, ,Syrian Arab Rep.,180,743,,,923
,Sweden,Afghanistan,10499,1698,,,12197
, ,Eritrea,8954,2027,,,10981
, ,Gambia,78,107,,,185
, ,Iran (Islamic Rep. of),3763,772,,,4535
, ,Iraq,24006,1082,1640,,26728
, ,Mali,17,43,,,60
, ,Russian Federation,1941,723,,,2664
, ,Somalia,20613,1911,,,22524
, ,Serbia and Kosovo (S/RES/1244 (1999)),3608,1471,,,5079
, ,Syrian Arab Rep.,17984,6808,,,24792
,United Kingdom,Afghanistan,9166,1430,,,10596
, ,Eritrea,10010,800,,,10810
, ,Gambia,937,294,,,1231
, ,Iran (Islamic Rep. of),11368,2270,,,13638
, ,Iraq,3193,541,465,,4199
, ,Mali,15,14,,,29
, ,Russian Federation,817,117,,,934
, ,Somalia,11249,503,,,11752
, ,Serbia and Kosovo (S/RES/1244 (1999)),963,51,,,1014
, ,Syrian Arab Rep.,3169,641,,,3810
2014,Austria,Afghanistan,11906,,,,11906
, ,Eritrea,101,,,,101
, ,Gambia,101,,,,101
, ,Iran (Islamic Rep. of),3188,,,,3188
, ,Iraq,2966,,356,,3322
, ,Mali,11,,,,11
, ,Russian Federation,19577,,,,19577
, ,Somalia,2278,,,,2278
, ,Serbia and Kosovo (S/RES/1244 (1999)),3075,,,,3075
, ,Syrian Arab Rep.,2748,,,,2748
,Belgium,Afghanistan,5038,765,,,5803
, ,Eritrea,130,273,,,403
, ,Gambia,19,23,,,42
, ,Iran (Islamic Rep. of),639,266,,,905
, ,Iraq,3357,490,34,,3881
, ,Mali,44,64,,,108
, ,Russian Federation,2193,649,,,2842
, ,Somalia,625,282,,,907
, ,Serbia and Kosovo (S/RES/1244 (1999)),686,258,,,944
, ,Syrian Arab Rep.,2620,733,,,3353
,Denmark,Afghanistan,2130,144,,,2274
, ,Eritrea,319,1268,,,1587
, ,Gambia,,,,,
, ,Iran (Islamic Rep. of),1912,117,,,2029
, ,Iraq,967,75,31,,1073
, ,Mali,,,,,
, ,Russian Federation,1051,198,,,1249
, ,Somalia,1134,229,,,1363
, ,Serbia and Kosovo (S/RES/1244 (1999)),468,15,,,483
, ,Syrian Arab Rep.,7253,1468,,,8721
,Finland,Afghanistan,1443,133,,,1576
, ,Eritrea,25,7,,,32
, ,Gambia,33,24,,,57
, ,Iran (Islamic Rep. of),581,44,,,625
, ,Iraq,3607,450,37,,4094
, ,Mali,,7,,,9
, ,Russian Federation,729,114,,,843
, ,Somalia,2817,271,,,3088
, ,Serbia and Kosovo (S/RES/1244 (1999)),215,29,,,244
, ,Syrian Arab Rep.,438,55,,,493
,France,Afghanistan,3838,424,,,4262
, ,Eritrea,1671,490,,,2161
, ,Gambia,164,114,,,278
, ,Iran (Islamic Rep. of),2359,118,,,2477
, ,Iraq,2991,307,103,,3401
, ,Mali,3934,931,,,4865
, ,Russian Federation,13644,4942,,,18586
, ,Somalia,1896,515,,,2411
, ,Serbia and Kosovo (S/RES/1244 (1999)),12119,2780,,,14899
, ,Syrian Arab Rep.,2882,1239,,,4121
,Germany,Afghanistan,27814,19023,,,46837
, ,Eritrea,4716,15819,,,20535
, ,Gambia,144,2416,,,2560
, ,Iran (Islamic Rep. of),18814,7632,,,26446
, ,Iraq,41167,10360,324,,51851
, ,Mali,34,802,,,836
, ,Russian Federation,4608,12677,,,17285
, ,Somalia,4205,8386,,,12591
, ,Serbia and Kosovo (S/RES/1244 (1999)),9294,27788,,,37082
, ,Syrian Arab Rep.,40994,29591,,,70585
,Hungary,Afghanistan,819,2623,,,3442
, ,Eritrea,40,11,,,51
, ,Gambia,,14,,,14
, ,Iran (Islamic Rep. of),68,83,,,151
, ,Iraq,220,172,,,392
, ,Mali,,17,,,19
, ,Russian Federation,25,,,,27
, ,Somalia,496,33,,,529
, ,Serbia and Kosovo (S/RES/1244 (1999)),65,10928,,,10993
, ,Syrian Arab Rep.,334,823,,,1157
,Ireland,Afghanistan,158,129,,,287
, ,Eritrea,42,23,,,65
, ,Gambia,,7,,,9
, ,Iran (Islamic Rep. of),118,53,,,171
, ,Iraq,379,52,,,431
, ,Mali,7,,,,9
, ,Russian Federation,167,16,,,183
, ,Somalia,503,58,,,561
, ,Serbia and Kosovo (S/RES/1244 (1999)),191,22,,,213
, ,Syrian Arab Rep.,176,11,,,187
,Netherlands,Afghanistan,6244,299,,,6543
, ,Eritrea,6294,191,,,6485
, ,Gambia,34,11,,,45
, ,Iran (Islamic Rep. of),4207,246,,,4453
, ,Iraq,14396,705,,,15101
, ,Mali,19,10,,,29
, ,Russian Federation,698,65,,,763
, ,Somalia,18687,152,,,18839
, ,Serbia and Kosovo (S/RES/1244 (1999)),277,121,,,398
, ,Syrian Arab Rep.,8692,2323,,,11015
,Poland,Afghanistan,93,,,,97
, ,Eritrea,19,,,,23
, ,Gambia,,,,,
, ,Iran (Islamic Rep. of),18,8,,,26
, ,Iraq,154,15,,,169
, ,Russian Federation,14277,1011,,,15288
, ,Somalia,59,,,,59
, ,Serbia and Kosovo (S/RES/1244 (1999)),,,,,
, ,Syrian Arab Rep.,240,34,,,274
,Portugal,Afghanistan,10,,,,12
, ,Eritrea,29,,,,33
, ,Gambia,,,,,
, ,Iran (Islamic Rep. of),19,5,,,24
, ,Iraq,7,,,,7
, ,Mali,6,,,,10
, ,Russian Federation,22,9,,,31
, ,Somalia,46,,,,49
, ,Serbia and Kosovo (S/RES/1244 (1999)),,,,,
, ,Syrian Arab Rep.,15,15,,,30
,Spain,Afghanistan,144,131,,,275
, ,Eritrea,48,,,,52
, ,Gambia,8,18,,,26
, ,Iran (Islamic Rep. of),70,104,,,174
, ,Iraq,190,150,,,340
, ,Mali,,1854,,,1855
, ,Russian Federation,177,57,,,234
, ,Somalia,374,84,,,458
, ,Serbia and Kosovo (S/RES/1244 (1999)),12,,,,12
, ,Syrian Arab Rep.,1336,781,,,2117
,Sweden,Afghanistan,12090,2263,,,14353
, ,Eritrea,14107,7091,,,21198
, ,Gambia,99,113,,,212
, ,Iran (Islamic Rep. of),4152,919,,,5071
, ,Iraq,24184,2665,,,26849
, ,Mali,23,23,,,46
, ,Russian Federation,2014,818,,,2832
, ,Somalia,21189,3907,,,25096
, ,Serbia and Kosovo (S/RES/1244 (1999)),3082,2008,,,5090
, ,Syrian Arab Rep.,34285,19011,,,53296
,United Kingdom,Afghanistan,9039,1894,,,10933
, ,Eritrea,11583,1660,,,13243
, ,Gambia,1102,312,,,1414
, ,Iran (Islamic Rep. of),11510,2714,,,14224
, ,Iraq,2951,986,738,,4675
, ,Mali,18,18,,,36
, ,Russian Federation,575,170,,,745
, ,Somalia,8509,568,,,9077
, ,Serbia and Kosovo (S/RES/1244 (1999)),408,41,,,449
, ,Syrian Arab Rep.,4572,1329,,,5901
